VRG,PUR,VID,TEX,RAN
61487.8792,165587.5874,38623.9621,48911.9389,99771.987
59259.8581,165007.9492,38575.9619,48308.0293,100271.765
63487.9537,166091.8997,38627.9264,50952.0156,100223.8033
61155.9266,165187.6845,38575.9223,51727.8898,99139.827
58824.0437,163572.1853,38647.9895,35860.1005,102288.144
60464.1332,165036.2741,38576.0338,28920.0382,98996.1507
57980.0466,163968.2346,38636.0606,39092.1908,97164.2117
61216.0687,166528.2221,38576.0411,39104.0352,98592.1203
58068.0842,163804.1643,38596.1784,43152.0063,99555.9582
59328.1898,164360.1597,38588.1779,48604.0388,101208.1372
60615.9545,165319.7455,38679.8997,42971.9266,97919.8813
59156.0195,164783.7171,38575.9309,45347.7864,100559.9752
60323.9325,164379.7087,38679.955,44892.0215,100719.8263
60347.8561,165815.6545,38587.8827,48635.8945,100663.7295
60087.9947,164192.0383,38692.0376,54440.1454,101112.1005
63003.9731,166752.0786,38587.9986,39563.924,99004.1587
59636.013,164732.182,38668.0295,56004.1296,100032.032
61044.0878,165312.1897,38588.0489,48880.0767,99872.1242
60372.0608,166136.2344,38612.0295,37388.035,99260.1104
60548.1078,165164.2654,38588.0839,45252.1155,97228.0543
59456.0519,164416.1549,38691.9902,63172.1937,100368.0146
56064.1504,165372.0279,38580.0344,50015.9982,97651.9585
59436.1172,163528.2331,38604.0074,55980.1716,100360.0835
59616.0773,164012.0742,38584.0254,41984.0792,100092.0799
60364.1784,165204.2504,38620.0303,43800.0639,98572.0446
57948.0817,164040.2488,38596.0469,42480.0355,101204.0429
58608.0344,164016.2194,38616.1619,50507.9552,98624.0404
59940.2219,163992.2435,38576.0757,44248.1246,100648.0401
59488.1328,165172.0457,38608.1239,89360.0807,100120.0793
57064.0643,164148.1248,38656.0961,68884.1465,100392.1218
63299.9697,166323.9571,38660.0622,46276.029,98792.082
59012.0138,164028.0365,38587.9945,59588.0896,100099.9677
59420.0595,165039.9538,38612.0808,51459.9835,99164.0291
60544.0117,164827.9734,38587.9817,56440.0742,98448.0797
60088.1187,164528.4464,38668.1244,69836.1318,96824.2777
57036.0887,162484.4461,38584.2597,80960.1999,99824.3352
62716.116,166456.3853,38632.0779,56356.1233,101652.342
57428.1393,163604.4164,38572.1477,50416.0911,100244.3347
60892.1841,164908.3403,38672.2026,47080.147,98936.3217
59332.2301,163960.4205,38588.0317,39992.1233,98480.3379
60896.1093,164484.3508,38600.0911,52500.1967,100032.2006
61856.1875,165124.4158,38576.0655,43139.9957,98716.2193
60648.0168,164516.1181,38680.1668,41832.1557,99708.0388
62052.0922,166404.1295,38588.0416,52836.0285,99712.14
59488.0228,163343.926,38680.0223,48679.9476,101031.9413
62775.9074,166259.8338,38587.9596,46308.0014,101875.8328
60188.009,165567.8705,38671.96,104499.8817,98991.8795
60607.9039,164663.8496,38587.9487,88191.8854,99059.9405
61843.8947,166011.8296,38667.9636,66671.9401,99523.9349
61311.8917,165995.7981,38588.0529,76847.8735,98835.9876
61127.9207,166059.8555,38623.9506,43651.9301,101539.8553
59079.928,163451.7183,38587.8351,50775.8932,100711.9124
60871.9194,165731.9689,38671.955,42136.0221,99519.9059
61367.9319,166483.7869,38587.929,40815.9613,99303.9047
61599.9388,165879.8075,38608.0826,49560.0175,101111.8791
59976.0592,164771.7368,38575.9458,49752.0287,99219.9279
59840.0666,164987.8144,38611.957,66639.8867,102592.0067
60059.9261,165031.8125,38588.0035,54552.0036,99999.8916
60636.0124,165407.808,38680.1309,59899.9993,98143.9136
60955.9479,164359.8189,38583.978,58875.9458,100807.9919
60895.925,163411.7232,38603.9543,58531.9545,99327.8404
59323.937,165327.8414,38579.9466,53523.9307,101271.8782
58895.9111,163967.8941,38627.9268,73507.9951,100579.9405
58799.9084,164911.8194,38575.9749,72647.9036,101127.9899
59111.8935,164451.8108,38664.0321,75579.977,98411.8557
60772.0282,165219.8745,38588.0251,50687.9332,101463.7608
59483.9099,164039.8217,38671.9495,43108.1073,98971.834
59067.9784,164495.7626,38583.9339,39371.8509,99443.9798
61312.0624,165591.8045,38607.8835,38975.9355,98983.8699
61664.0311,166067.9161,38575.7986,40524.0046,98087.8094
60871.8879,165355.918,38611.9911,44199.9367,99619.9304
57083.9438,163791.9557,38576.029,34171.93,98639.9019
57571.9609,164395.7926,38631.921,62083.9249,101339.9067
57684.0143,163947.7755,38591.8701,41720.0121,99979.9936
59083.98,165139.8122,38623.9473,56075.9212,98803.8709
60931.9812,165239.9834,38595.9735,44888.0367,98083.8429
58099.9305,163119.9681,38639.9342,49136.0823,100591.8765
59647.9494,164515.8136,38584.0591,46499.9566,99407.974
57607.9655,163499.7833,38683.922,81900.0136,98255.9859
59203.8431,163979.7622,38587.9598,67575.9923,100847.8987
58355.913,164291.8244,38867.9601,64367.9352,99203.8714
60451.8988,164807.8124,38611.9823,70667.8821,99163.841
58247.899,164083.8397,38623.9515,57723.9368,98111.8568
61499.9222,164919.8323,38591.8884,60819.9963,100063.8968
61135.9474,164575.864,38611.957,50567.9644,102715.8855
61935.9266,165943.7374,38595.9775,43751.9151,100571.8655
56803.9573,162787.8799,38660.0609,59436.0504,99663.9095
62887.8805,166527.8111,38587.957,44375.9754,100763.9068
60647.9687,164863.8474,38595.9213,48499.9646,100836.0478
59240.004,164447.9696,38576.1763,54495.8055,98783.9841
61079.956,165435.8469,38612.0634,70671.9559,100715.9773
58059.9461,164163.7323,38572.0176,69495.9407,100755.8902
61383.9185,165387.7896,38675.9644,41064.0236,101015.8999
61771.8372,166003.866,38587.9844,46743.9484,99663.882
59608.0063,164304.0099,38679.9547,66888.0193,101296.0328
60383.8816,164591.9314,38596.0436,85787.9896,98716.0065
60703.8957,165451.8926,38667.9848,73603.9308,101171.866
61083.945,164439.8849,38595.9778,67487.8946,99584.0375
58848.0346,163411.8812,38668.0475,57376.0077,102144.0172
61211.9035,165291.9775,38587.9269,54095.9405,98915.7467
61344.0285,165463.8508,38607.9097,59835.9936,100111.9581
59507.8707,165379.7743,38587.9683,71544.0025,98583.9165
58207.9135,164563.8396,38628.0504,44156.0682,99919.7965
59167.9516,164407.811,38575.9177,51816.1101,101620.0205
59632.1148,164584.1701,38684.1567,70496.0254,98848.06
58847.9594,164228.1014,38588.0299,68236.1731,98640.1447
58711.9459,164467.9731,38671.9199,46063.9658,100815.9663
59367.9135,164863.8612,38587.9816,47079.9525,98175.9402
62472.0657,165823.9652,38611.9738,55124.0294,98907.9432
61172.0121,164451.8997,38587.9635,69643.8064,99911.9292
61031.8613,164539.975,38612.0781,48060.0976,101307.7381
60576.0651,164815.9753,38588.0126,46276.038,96803.9845
62395.9884,166080.0693,38611.918,60232.0212,100447.9888
60631.9788,165543.893,38587.9757,71271.8818,100779.9984
60120.0345,165196.0194,38667.991,104111.9447,100767.9918
61716.0817,166771.9988,38600.0408,75668.0298,98476.022
60667.9052,166571.9571,38675.9136,47843.943,101528.0177
58787.9619,164375.8281,38587.9441,50876.0292,100111.9911
59407.722,164771.9886,38672.0591,50955.9917,98315.8829
58851.8698,164127.9666,38587.995,51291.957,98179.9237
61180.0717,166067.9327,38675.9614,44120.1446,100644.077
61451.9549,165691.863,38587.8481,53611.9813,98260.0732
59552.0084,164651.9647,38672.1319,62016.002,100100.0839
60572.1038,164395.8715,38592.0015,73187.9733,101591.9761
59744.0021,164807.9426,38683.9072,56004.0508,102140.06
58968.0659,164315.9854,38583.9985,67819.9372,97995.975
62164.0141,166023.9518,38668.0113,47976.034,97836.0301
61475.9494,164460.0111,38588.0078,42032.03,100751.954
58128.0463,163380.0041,38695.9927,63871.9389,100023.9332
61559.9689,165591.958,38587.963,55939.8882,96728.0282
57744.0819,164195.9161,38671.979,50507.927,100023.9559
58719.9999,164132.0026,38596.0383,54772.0265,99723.9546
60435.9867,165011.922,38627.9838,45083.9796,100231.9891
60499.9952,164976.0058,38575.9704,48587.9603,100235.9532
59591.9714,164227.9971,38627.9688,43136.0763,102007.9023
58067.9783,164719.9634,38579.9319,48087.9763,100172.0137
60595.9618,165400.0051,38600.0063,58583.9602,100871.9472
58267.9777,163916.0008,38588.166,68744.0491,99807.9158
61715.9051,166023.9366,38635.9576,48928.0081,99863.9094
59304.0005,165284.0167,38575.9179,44592.0117,100755.969
58884.0007,163959.9009,38627.9607,37751.9954,100167.9646
58999.9693,164739.7872,38576.1299,36056.0708,102191.9868
58256.0067,163795.5717,38659.8127,31943.9831,99716.4252
61079.9339,165131.9369,38587.9659,30360.0257,98654.7777
61243.967,164919.9157,38678.7386,39315.9148,102098.7421
61724.0907,165883.842,38628.1304,36143.9344,103095.6004
58336.0347,162600.0291,38668.0088,53360.0532,100511.9527
59612.1166,164627.8445,38587.997,55480.0518,98571.9696
59048.019,165375.9522,38604.026,48871.9661,99443.8508
58335.9817,165467.97,38580.0568,48412.0691,101263.9542
60087.9756,164967.9374,38599.9716,56631.9612,100559.9904
59188.0871,165139.9674,38576.0373,62384.0582,95919.975
60723.96,164452.1957,38667.9767,59220.1041,100812.0766
59064.0481,165280.1686,38588.1034,72000.0606,96592.0791
61508.092,164528.3055,38624.0736,69976.0754,100200.0613
60116.1266,164072.1988,38580.0835,71767.9762,98572.0878
58760.0655,164252.1282,38620.2208,69960.0522,100924.2549
58940.0627,164752.0547,38592.063,66760.0587,97396.0982
58356.0829,164472.1316,38624.121,33208.1104,99416.0479
59404.1664,164728.1598,38588.0641,50200.1315,99140.123
58356.1029,164284.214,38612.0708,42640.0336,101216.1896
60716.033,165160.2457,38584.1031,42404.0822,98584.0351
59691.9787,164776.1004,38624.1152,44223.9776,101648.3379
59019.9748,164411.8373,38643.8281,42211.9761,99575.9792
59000.0693,163575.9931,38635.9573,43283.9904,99519.925
58831.9371,163831.8928,38596.0591,36903.9645,101032.0212
60360.028,165255.9534,38627.9582,48507.9628,99807.9406
57984.0589,164135.79,38576.1019,45095.9735,97923.8861
60792.029,164787.8412,38608.0766,67107.9085,101652.0131
60159.9416,165031.8728,38576.0267,62596.0697,97955.855
59043.9369,164827.8935,38600.0784,37495.918,99955.9418
61231.9667,164747.8518,38576.0049,38480.0246,100859.935
59775.8066,164439.606,38667.9429,47047.9384,99383.692
59603.9672,165347.6419,38591.8537,45507.8608,99227.7384
61087.8305,165775.5504,38675.9062,59115.9821,100859.7174
61387.8067,164763.5981,38587.8719,47608.0322,99003.6461
61343.8391,165015.671,38599.8738,59435.9966,99783.7082
58607.8296,163811.6881,38571.9011,72479.8479,99719.8361
58763.8385,165459.5971,38607.9513,69591.8302,99443.776
57199.8046,163799.5804,38575.9094,57011.8574,100235.8127
60975.8757,164627.5799,38611.978,51995.8545,100031.7672
61243.8129,165279.5852,38576.0024,47919.9078,100659.7611
61791.765,166067.5658,38599.9405,32551.9468,100939.6434
60039.9579,164755.5499,38575.9784,31296.0418,101471.8251
59787.839,165287.5601,38611.8735,41471.9295,98859.7327
62635.8492,165323.5313,38575.9648,41495.885,98739.7459
59263.8467,164523.564,38699.8975,57087.9196,99503.8379
60571.8024,164347.6935,38575.9304,59119.7719,99743.712
61115.9043,164843.6103,38667.8731,46051.8761,98523.7914
60995.8065,165871.6094,38587.9948,42703.9063,102051.7293
61023.9299,164247.573,38623.8903,57279.9736,97831.682
61319.8581,165715.6639,38583.9928,59927.8173,100571.7417
58603.8369,164471.6439,38667.9814,49759.9304,100135.8025
61103.9321,166463.5946,38587.8881,58631.9394,99059.8503
60211.8682,165231.6257,38671.8266,53287.9481,97427.7063
61247.8156,165255.5937,38587.8781,60071.869,101387.6911
58787.8808,163575.5601,38635.8736,81971.774,100803.5107
60087.8462,164643.5703,38587.8928,77295.8962,99967.861
59747.8324,164447.7323,38623.8947,34679.9074,100711.8113
56975.8272,162675.6119,38576.0141,37051.8856,100735.811
62259.8054,167107.6656,38627.8974,53523.9763,101559.8353
62007.7934,166207.5673,38599.8863,42723.9313,100467.6896
61131.8188,164931.618,38631.93,55547.9882,99283.8088
57747.8538,164055.3469,38575.9311,56251.7775,99819.7292
60427.9364,165631.653,38624.0288,44219.9023,101191.634
59527.8474,164283.5402,38575.9745,48831.9134,98103.9046
60183.8233,165543.6853,38623.8396,40603.9277,100187.7206
60519.9338,164967.6964,38587.9477,49963.8846,100103.7689
61547.8623,165951.6017,38623.8557,50435.855,100891.7443
61039.8971,165219.6199,38591.9236,57579.8653,98459.7557
57291.9677,163503.5889,38624.0268,54119.8778,100231.7537
61535.8206,165807.5862,38571.9715,58819.8745,98795.8677
62547.7788,164919.5006,38599.9271,27175.9252,99723.6833
60047.8472,164927.6097,38583.8995,28831.9301,101139.7694
61543.8078,165435.6086,38643.8853,87507.7445,97463.6934
61859.7475,165903.5418,38599.9603,70559.8725,97519.8737
58603.9262,163915.5823,38671.9153,43843.9431,99875.7484
59659.8956,164175.5585,38579.8427,44779.9351,100715.771
59403.7817,164503.5414,38595.9161,52375.8532,96839.7495
57371.8904,163451.5834,38603.9317,59559.922,100323.691
60231.9144,164191.6772,38667.9593,65547.8105,98643.7504
62615.8237,166511.5014,38583.8962,48435.8867,101419.7434
59971.824,164935.6574,38599.9668,67435.8211,100035.7291
56635.943,163039.7321,38575.9112,42099.8411,99991.6578
58571.8127,163351.5852,38627.9021,55163.8594,100283.7567
60979.9006,164875.6871,38575.9383,58543.8665,99047.8198
63811.8636,166703.4716,38671.9144,78375.8559,99023.7548
59799.8659,164583.4075,38587.9488,81259.7455,98367.7737
59083.8549,164939.4934,38667.8425,46087.8875,99551.8635
59079.843,164183.6808,38595.9214,46635.8873,100551.7233
59883.9413,164851.5856,38595.9931,55047.8158,99519.7874
61331.7985,164827.6162,38575.972,44503.9264,101023.6515
59791.6664,165527.5987,38607.9047,68439.8125,101775.7584
59567.8028,165123.5788,38579.865,36323.8979,100547.6594
59855.84,164583.5567,38595.9007,37611.9152,101371.7916
59343.8589,165119.6022,38587.9507,50643.9697,95443.7361
60303.8445,165143.5861,38611.8699,41843.8516,100611.6888
62571.8712,166215.58,38575.9533,38475.8389,100131.742
59043.8573,164171.6246,38611.8882,57807.8921,99607.7299
59779.8075,165079.713,38575.8272,49727.853,99911.7345
60415.8507,166163.6217,38595.8884,33427.9109,100647.7652
59647.876,164503.5668,38575.857,32235.9809,99215.7829
59420.0299,164940.1527,38692.0206,49492.0776,99296.104
61480.0491,164852.128,38587.9208,49852.0726,99016.0649
60776.0556,165244.2479,38608.0077,45415.9498,101888.075
61456.1662,165716.2023,38588.1317,42344.051,98484.0344
61599.825,165668.1016,38624.1438,64664.0171,100855.9481
63051.9966,166320.0949,38576.1092,61168.0387,100683.946
59284.0063,164828.0954,38712.0115,51528.0289,97820.0645
59216.0178,164796.1034,38596.0281,59088.0508,101652.0708
61100.0355,165920.1242,38620.0178,66348.058,100516.0592
59780.0482,164875.8451,38612.008,52440.0738,100192.0744
62200.0267,166695.7426,38692.0499,37115.9819,100000.0744
57868.045,163219.5842,38588.1413,38760.0323,100044.0832
62656.0235,165888.0659,38631.9879,50856.061,101260.0754
60272.0431,165063.8493,38608.0415,50708.0374,102156.0672
59747.94,164676.1427,38627.995,72764.0588,100964.082
60296.1153,164388.1295,38604.0527,64812.0525,101936.0639
61227.9844,164484.0662,38675.9396,69588.056,99339.3075
61780.0237,165816.0963,38600.0279,67648.0914,101687.9955
59599.8196,164664.111,38615.9614,72660.0377,96616.1131
63312.0935,166384.0911,38572.0527,66964.054,101452.0633
58060.0375,163704.0714,38660.0311,69192.1443,102168.0661
60296.0575,164676.1972,38603.995,37140.1078,98760.2161
58424.0293,163336.003,38623.987,85452.1689,100500.0693
58764.1584,163920.1104,38580.0177,78100.1558,98464.0286
58948.1127,164428.035,38623.9772,53436.0555,100112.0491
59884.0669,165728.1432,38584.0566,55764.0463,100736.0778
62324.1347,166560.1819,38616.0126,102116.0476,101023.7729
61856.1069,166104.1616,38576.0415,75744.1717,102280.0407
61044.0276,165180.0782,38624.0808,70764.0264,100880.1746
60892.0583,165756.1943,38584.06,64644.0317,99536.1691
58280.1568,163732.2417,38624.1346,54436.0474,102668.3796
62584.0512,166615.998,38591.9173,58160.0476,98460.2816
61644.0885,165656.1156,38624.0485,50140.1048,100904.1932
61860.0291,165632.1211,38588.0997,56740.2334,99668.1208
59700.1496,163892.1121,38607.8504,50312.1486,100908.1152
57292.0485,163044.2173,38588.1351,50044.0073,99552.2116
60212.0782,164956.0981,38667.738,47020.03,100208.0488
60335.9672,164688.114,38587.9875,47808.1509,98368.0401
59116.0452,164864.0263,38672.0891,57180.0295,100188.0052
60991.9443,165432.1875,38571.9553,56284.156,100484.0604
61144.0068,166116.1512,38596.0394,39999.9754,99720.1648
59168.0375,164396.0649,38571.9945,42272.0489,100236.0924
57520.0458,163068.096,38668.1065,44300.1566,100020.029
61300.1216,165388.1374,38580.031,45020.0178,100524.1253
61100.0068,166060.0111,38608.0626,70484.1127,101328.1422
58600.0425,163220.165,38576.033,76692.0409,98116.1858
59384.1191,164432.0671,38600.1296,50399.902,100524.0158
60864.0153,165112.0748,38595.9291,70324.0162,100900.0463
59339.964,165095.9985,38676.0254,45552.0015,100063.9658
58748.0032,163823.9655,38587.9781,55571.9591,98919.9493
57984.0225,164084.0441,38628.0159,97459.9733,102031.9623
56508.0363,164036.0291,38576.0233,89439.9725,100024.0055
56724.0232,163200.027,38616.111,43259.9937,99919.8955
60776.0058,164995.9977,38587.989,48972.0392,99979.9432
60744.0221,166260.0418,38611.9627,46635.9884,99751.9024
60107.9952,164772.0347,38575.9883,44072.089,96247.9722
59844.0111,164796.0907,38655.9625,51360.1353,98724.0449
58556.1332,163460.0754,38579.9299,51560.0787,99384.0434
60260.0921,164268.0011,38616.0558,45399.9145,101060.0116
60103.97,165047.9953,38588.0915,47191.9914,98607.9269
60675.9834,164764.0388,38608.0856,46800.0262,99355.9826
63188.0725,167260.0048,38576.0318,49459.9855,100780.034
59688.0093,165867.9658,38667.9278,61076.0295,100072.0013
59472.053,164607.8954,38591.8617,46051.9693,100703.9717
61971.9618,166799.9184,38600.0564,59527.9491,100056.0449
58656.0242,163535.9656,38588.0401,59191.9593,100840.0147
60012.0672,163927.9487,38599.9717,40567.9408,99532.1195
58179.9603,163584.013,38664.0696,42716.0629,101731.9747
59940.0815,165568.0099,38600.0016,67064.0991,101975.8732
59904.0726,164764.1083,38576.1273,60944.0786,97960.0647
59851.9888,165168.0121,38628.1081,53268.0177,100456.0051
59228.0071,164296.0113,38599.8315,61188.0769,102075.9761
58847.9878,164427.9765,38656.0081,84479.9529,102144.0814
59432.0164,164128.0231,38584.1335,84499.9771,101088.0898
59955.9887,164507.9976,38635.9751,60784.0085,98155.9563
58724.0759,164340.0245,38576.0354,54431.9508,101844.0296
60431.9865,165579.984,38628.0204,33411.9891,99408.0865
60863.8055,165007.9597,38600.066,37220.0295,101788.0082
61732.0341,165819.9419,38628.0372,43687.9761,100112.0412
58340.0303,163924.024,38579.9825,46400.1263,99051.9842
61999.8682,166939.7862,38672.0327,48591.8912,99011.8161
61579.9013,165643.6583,38584.0093,63211.9584,99731.8456
58387.8968,164583.6239,38611.9676,43531.9297,100835.7923
60231.9961,164067.6998,38575.9075,40447.9037,100087.8377
58599.9931,164631.6911,38611.9981,50139.8775,101007.8461
62119.9047,165643.6555,38579.9546,42079.9125,102511.7917
58903.8831,164939.7589,38671.9041,36435.9597,99987.8155
59087.8909,164071.7941,38575.8831,43147.9121,100199.5774
58339.9,164763.6658,38611.8976,66575.8713,99627.8437
60207.9667,165247.6816,38580.0278,83963.9554,98079.8603
57236.1967,163699.6386,38621.544,49763.2056,100526.6356
61164.7145,165927.907,38581.5799,63525.1498,102594.6956
58360.4643,164731.8003,38633.5837,37361.2458,99978.3867
60576.6789,165819.9785,38585.4622,36525.2849,98966.1887
62201.1541,166196.0475,38621.3557,81587.7638,99730.4243
59776.6011,165015.8386,38573.6173,68233.8857,98418.2672
60316.7282,166304.0746,38605.5446,43958.3459,98690.242
59892.6378,165067.7869,38573.7057,57596.4146,100246.4546
58640.4981,164863.6798,38653.4827,69246.0191,101290.5834
58696.416,164323.7613,38597.6749,56316.1145,98470.1518
60048.5985,165007.8664,38657.5894,58464.5533,100242.3309
60416.5687,164975.8544,38577.519,55920.0953,99122.262
58572.4758,163931.5844,38609.6897,51967.5526,99194.539
61176.6975,165319.9553,38585.7399,43854.3238,99650.3884
60068.5444,164643.8345,38625.5535,39913.8448,98926.2144
59912.643,165067.7811,38573.5968,39877.698,100110.6124
59344.4698,165692.0125,38625.6053,73470.736,101274.8389
63581.2868,167412.1886,38581.6614,63245.1108,102478.7937
57672.2988,163787.6246,38673.5359,51399.3178,98074.1598
60532.6418,165848.1204,38585.473,57604.4029,100526.4683
61100.6805,165635.9241,38625.5791,52623.6224,98358.3196
59912.7256,164719.8156,38585.6134,33832.898,98026.047
60780.8211,166171.9431,38645.5369,47350.7516,100122.8317
59972.7626,165283.8021,38573.4498,52687.6335,100078.2753
60264.8804,164843.9152,38669.499,87940.5109,99794.4205
60036.7737,165487.9716,38585.5205,83407.944,100558.5574
62629.3149,166528.2709,38625.5936,46330.6054,99918.4682
58236.45,164763.7859,38585.7026,55428.074,99342.384
60484.8422,164591.7921,38633.6548,63917.3997,99766.6359
61044.9542,164751.9716,38573.6912,76659.3256,101306.6222
58536.2433,165355.8714,38597.2704,51023.3458,98950.2453
60036.5659,165467.9081,38577.4795,49683.0097,100870.6287
60776.7579,164387.7479,38605.5966,51039.3382,99722.3428
61184.9202,165979.9696,38589.571,55728.0609,99374.3804
62729.1262,167096.0685,38613.7627,46346.5748,98482.2071
60988.8059,165511.9599,38577.5908,52763.8105,98025.9492
58916.4872,165271.8701,38653.4958,85584.3347,101942.6943
61556.8841,165851.8973,38585.4438,60040.6334,100946.5459
56040.1732,161799.4405,38637.6545,57524.2652,101002.5411
62805.0675,166315.9592,38585.5627,43494.3038,100906.527
60220.6083,165647.988,38625.5698,50687.2895,97890.0812
62160.9199,165247.8742,38573.5479,52143.5244,100978.6353
58756.5446,163511.6609,38641.8447,61225.0405,99138.3993
60504.9527,165099.8096,38589.6685,50379.3062,99350.4737
61040.8373,165567.9894,38641.5104,37473.4336,99586.4308
61512.8342,164863.9998,38585.5036,38925.5962,98250.1618
60864.7886,165595.986,38629.4967,59484.6151,102666.6778
60372.5563,164867.8545,38577.7708,58080.3373,100734.5032
59380.6154,164383.85,38637.6294,52147.5754,97466.0512
61696.937,165127.9041,38577.5387,51351.5339,99446.3574
59632.7578,164939.6807,38617.4134,60060.6928,102170.7782
60184.6991,165232.0079,38577.4975,39441.6393,98370.3209
59920.6256,165543.9098,38669.5666,56252.0708,101474.6033
58724.5283,163975.7338,38593.6861,49331.1019,99298.5151
62272.9537,165799.8881,38641.6284,42690.2619,100874.5507
61500.8863,166160.0087,38585.4582,42838.0656,99834.4059
58940.4884,163683.6297,38621.5088,51147.4505,98294.1858
60672.7757,164163.7501,38589.6426,45530.4562,99854.4133
60716.6553,165375.9393,38625.5691,40818.1054,97966.1869
60004.618,164279.7729,38573.3276,45886.6312,98346.1887
58976.4134,164963.8585,38629.1108,39745.811,100150.4538
60856.6425,166112.2177,38593.7729,37581.5163,100634.6599
59036.5564,164539.8397,38625.5371,34348.9407,102454.922
60220.9148,165135.7267,38585.485,35625.2456,98274.2196
57296.2747,163767.9823,38653.905,62237.1379,100342.6786
57848.5025,163843.8197,38581.6369,60004.7686,99162.4681
61717.0458,166100.1797,38597.9482,39941.8227,100382.6243
60572.7334,164675.9974,38589.5749,42198.2701,101006.8453
59688.7313,165243.9118,38669.6533,60132.5972,99670.5185
57716.3142,163503.7709,38589.7434,45094.5143,100714.5248
59332.584,164331.7924,38741.6448,43186.193,100702.6724
60460.6881,165348.0533,38585.6333,40565.5066,99666.5314
60636.8255,165248.0105,38649.4302,62401.0825,101046.6585
61872.9312,165011.9884,38589.7326,41130.1173,99798.5589
59308.4304,164371.818,38681.6407,48430.9683,101338.7691
61324.957,165443.986,38589.5107,43742.1357,101394.6468
61792.7226,166540.0949,38597.5062,56139.9911,98862.4236
58848.478,163955.7322,38573.563,47214.7778,98950.2006
57544.3849,163063.6041,38609.5336,65813.5685,101486.7043
60552.8587,165747.9795,38577.5076,65433.498,99922.5614
59160.5234,164107.8823,38601.3196,71266.2692,100246.6505
58756.6044,164223.767,38577.6235,59872.6159,99350.4479
59864.6065,165127.8552,38657.6299,54607.9789,98410.3901
58728.617,164003.724,38589.6651,43830.3939,99810.4084
58228.4478,164823.8614,38629.3381,70030.1329,101478.8744
61224.8848,165020.0767,38645.6845,63689.193,98770.4069
61836.9861,167360.4586,38633.7033,90261.2736,98990.5528
61168.871,165472.2827,38589.6815,83508.226,101054.7392
58484.5019,164303.9045,38669.6328,33564.9285,98322.0434
61392.9622,165992.3689,38653.7628,36669.5883,101266.9338
59376.7964,164251.9,38669.668,36729.3302,100006.6446
58996.5495,163768.1213,38581.7185,37085.4688,100726.6855
60756.9692,165308.3199,38637.6548,65209.5956,98674.4989
58840.6844,165444.1592,38589.699,97838.3406,100490.8987
60888.9305,167028.6564,38621.6435,68693.9782,102943.1618
59444.752,164820.2847,38589.7172,56700.4144,100390.5344
59104.6699,164116.0285,38657.6372,47002.8588,98994.6736
61245.1574,165600.4075,38589.5947,39665.9112,100066.7306
60717.1567,165508.3544,38613.7117,49811.4387,98302.5429
60876.9219,164632.1275,38589.7094,47082.8886,101990.8401
58816.707,165128.4419,38601.7257,58708.6648,101194.9017
58884.543,164752.2542,38585.7775,66465.7033,98666.623
59596.6327,164332.3662,38665.8063,46686.9312,98602.4451
56796.4253,163304.0849,38613.7687,30604.5921,99630.5996
57504.4435,163247.9992,38597.702,81863.9962,101818.9774
59596.7202,165516.6674,38569.8472,62429.0001,98770.6073
58424.5056,163335.9941,38681.6748,59800.4385,100502.6915
58764.6681,163912.093,38585.4564,68126.1288,98458.4703
59456.5261,164996.249,38633.5724,63513.4608,99330.9788
58272.3969,164984.1758,38589.6194,37161.3568,99742.6718
60904.9877,165716.4029,38621.666,57684.4852,101227.0876
58072.7029,164372.033,38573.6875,47794.9586,100158.79
61088.9877,165352.2227,38621.7999,49639.4964,98794.4119
57880.4915,163968.0172,38577.7252,55580.2384,101286.8149
62216.8938,165288.4345,38609.5522,38745.7312,101074.6921
60537.0164,165572.3354,38589.6782,52275.6954,99046.7518
60605.0087,166092.5308,38641.6331,52335.5716,99282.6221
59448.6711,165344.3166,38581.7162,56028.1896,99278.6502
61141.0506,165180.3314,38625.7441,38021.6547,99394.7913
62385.316,166260.4551,38577.8194,36873.5006,99258.5203
59256.7105,164028.1227,38645.6575,55848.2146,98534.4753
58580.3536,163924.2091,38585.7637,51739.5321,99906.776
58360.5675,163380.1834,38649.6691,40009.8615,100098.6784
59172.7476,164644.2534,38585.6068,52219.63,101242.7564
61828.9359,165964.9366,38665.5663,40706.0137,99426.5638
60464.9032,164648.2346,38589.7226,37753.5086,103091.1654
58272.5227,164500.1385,38653.1078,44534.5936,99850.6895
61457.0842,165300.4705,38585.7319,46702.6957,99954.7716
59780.8929,165308.3467,38637.7367,41902.1811,97840.7594
59905.0035,164488.3093,38597.7337,40154.0392,98266.5392
60612.9183,165712.439,38625.5736,42466.1408,101234.7238
61325.0568,164512.3147,38589.7254,49059.1916,100890.8379
59948.7036,165660.1489,38709.6248,55776.0738,101006.643
60040.4507,165075.7945,38589.8484,54295.834,99062.3807
60760.8023,165848.0527,38601.6149,45786.6975,98826.2855
59276.5865,164715.8122,38585.591,44658.5777,101286.5104
57512.4384,162955.3558,38601.5309,58408.4781,100034.2872
57616.5323,164003.7963,38577.4574,60876.9681,100238.4182
61576.917,164068.3268,38669.8644,41274.1502,100606.8339
61705.1434,165288.2998,38593.8163,48019.086,100734.8634
62981.3293,167332.6935,38665.9143,43182.34,98970.7117
59708.8014,164436.3767,38585.6033,47239.1621,103007.2543
58544.3267,163020.156,38705.9242,76243.4027,99822.9402
59640.7202,164260.5097,38585.823,80087.9935,100294.9018
60472.9159,165256.3942,38689.7572,60889.0176,100022.6909
60260.7614,164660.0184,38589.7993,64961.6605,98758.4171
61221.127,164496.4921,38645.7189,56316.4405,99686.9456
59860.7377,165188.3761,38577.7041,51287.5228,96398.2603
61981.1296,166228.5946,38613.6895,36665.4471,99726.7376
57756.6309,164068.2119,38585.7677,42406.2774,98494.7653
59040.9232,164524.2187,38673.7754,75707.1708,99406.5592
58920.8095,164168.251,38593.7155,75423.1217,99710.7561
60832.9616,165132.4177,38625.8101,41642.0586,98046.4699
58996.9542,164092.2349,38577.7711,81007.9566,100762.9833
62481.1098,166008.6019,38601.7244,48411.0102,100562.8834
61177.097,165948.6924,38585.8133,57888.4898,98106.504
58856.6438,163688.2623,38617.7436,74763.1036,100938.9632
60429.0291,164532.2786,38577.75,102051.1322,99082.8704
60992.9928,164012.2931,38637.7531,37941.621,100142.9731
63021.3229,167136.5697,38577.7519,37409.5615,100238.8406
60945.2428,165280.396,38669.6662,41682.4394,96826.3214
60688.7769,165019.7735,38649.4811,51703.4632,99910.6067
61757.1055,166604.4266,38669.6159,49023.0807,100378.6099
61220.9342,165544.0032,38589.7375,60192.7263,100850.558
60724.9617,164671.9949,38625.4956,81880.0371,99530.5804
61140.7163,165211.9332,38577.7896,70626.2141,100638.7909
60636.8086,164920.0344,38625.5043,56316.1489,100834.7969
58076.3215,164159.8164,38573.5645,56680.3469,99978.5
60804.8423,165992.1649,38625.459,58040.3383,99726.6624
59776.7064,164831.9827,38577.5719,40325.7857,101306.7166
59648.6949,165175.5421,38673.6184,34789.0194,101130.6234
59420.4421,165544.087,38585.618,36705.3632,102150.9032
61232.9061,166251.7629,38641.8242,65581.4833,98734.3769
56736.25,164131.9019,38613.5947,49639.3034,98126.3116
61824.4273,165656.0841,38673.6122,56548.2359,101270.5019
61008.9568,165488.1269,38592.6723,57380.286,98041.8054
59500.6129,164419.8854,38688.6919,29608.2551,97849.9796
60688.8824,164997.3462,38601.6483,31920.7408,99833.5908
59888.7503,165435.2222,38689.5384,41290.2563,98577.8574
58644.5245,164043.8671,38617.6177,56412.1912,100066.5966
61788.8869,164720.0056,38685.5761,53247.7595,100402.6657
61552.9544,166196.2216,38625.638,61128.8802,99534.4453
61368.8413,165835.9738,38685.4066,52647.6673,101430.7123
62505.064,166332.1197,38597.0248,58424.5263,98046.361
58872.2828,165027.8662,38653.4853,54295.8478,101594.8492
60316.6726,165779.9484,38585.8042,86812.7274,102066.8942
63177.2453,166072.0874,38669.7833,35877.2265,101106.68
61797.1928,164979.971,38589.5868,54131.8816,99306.5148
60140.8628,163987.8305,38597.5496,64901.3068,100970.752
59720.7115,164459.8684,38601.668,56552.2504,97966.2752
61560.9852,165207.8892,38625.7293,31296.568,102782.9747
58816.6926,164231.9693,38581.5846,36009.3431,99366.525
59192.5485,163923.8289,38605.5069,46838.8103,99590.5758
59344.6417,165120.0048,38585.6522,50191.3937,100022.5963
57704.3743,163903.7676,38617.6465,52391.7218,99094.3873
62112.8838,166420.184,38573.5825,44702.4716,101666.9349
57292.5013,163175.7992,38609.4246,57456.506,100010.5889
60160.9429,164483.9267,38573.8114,54579.8602,97074.2214
59336.726,164352.0184,38669.6312,63633.2459,97978.2952
60020.7863,163923.8234,38589.7885,36917.4161,98282.3574
62345.0138,165832.2748,38621.717,52763.7655,98546.299
59076.5244,164452.0127,38589.554,57772.4442,100206.6708
58420.4354,164967.9938,38641.6241,36361.3033,97918.2866
61781.0329,165920.2885,38581.2766,35405.0715,100790.6803
59904.9222,164435.9337,38637.6496,53843.8683,100542.6738
60652.9226,165712.5214,38577.5683,48755.0641,101990.9207
58556.4244,164796.1499,38685.3019,40937.9581,101426.5515
59216.5541,164952.2068,38585.6476,42210.018,98806.3635
60292.8681,164359.9886,38669.7748,38049.4346,100386.6407
58148.5494,163947.9301,38585.7263,54063.9517,100502.6887
61977.2215,165244.144,38621.6871,60820.8885,100298.7298
58804.6744,164439.8301,38577.5588,59008.5293,98906.5067
60536.9359,164348.4298,38673.8495,47950.9966,101119.0881
61009.218,164008.3493,38581.6,47070.9457,99418.7928
61368.8617,164628.0835,38609.7573,54211.9821,100382.8268
59228.6895,164904.5971,38573.8511,74126.9822,99862.8291
62209.16,165636.4886,38661.8007,48451.303,99422.8024
60116.9816,165068.6313,38593.7458,42930.3088,100062.8541
58452.7051,163104.1595,38613.6366,114544.9591,100522.8747
60036.7806,164736.3037,38589.7546,31060.3976,100266.9808
59616.6771,165100.4269,38621.6907,64817.6182,100694.9077
61609.2498,166664.6194,38569.8074,65989.749,99790.7569
61016.9358,165380.2973,38657.5106,54431.97,100658.6931
58032.5229,162920.1473,38589.4943,41342.0423,100142.7044
59752.7963,164816.1946,38661.5855,57356.4366,100962.8231
59756.7384,165244.0805,38581.9495,67629.8093,99738.7255
58820.7334,164820.2183,38605.677,73698.8091,98830.8158
59552.7231,164364.1554,38589.6406,95538.0513,98802.5667
61029.2214,165340.3003,38637.8655,39813.8621,99582.6118
59484.8751,165524.4154,38585.6567,32444.8468,99310.3864
60532.8063,164624.2913,38661.727,56464.1999,97725.6988
61564.9694,166576.1655,38589.5324,46818.8851,98826.3524
58736.6078,163567.7053,38681.5722,32660.6547,100790.7181
57672.2181,163323.5372,38589.5182,37561.2526,100058.6655
56532.1732,162791.6374,38629.5823,40581.9826,100298.4865
59244.6573,163355.5209,38573.7323,35009.0623,101042.6299
63765.202,166528.2104,38637.6004,57072.3067,98542.3055
59096.7842,164323.7211,38577.4149,59756.4599,99126.4279
59076.585,164283.9071,38637.5343,33224.7852,97926.1793
60720.8155,164939.8178,38581.7341,36561.2264,101766.657
60724.7778,165780.015,38625.5249,47474.8001,98490.3609
60112.8119,164627.9851,38577.5768,47138.8155,98190.2373
60648.8571,164820.1385,38657.6398,44926.5791,101786.7243
58764.5178,164200.0178,38589.5615,42854.2968,100926.9729
57248.4247,162979.7992,38693.5743,41518.0329,95918.1035
57844.3315,162899.9958,38597.6243,68349.9734,99358.546
59156.7525,164776.1382,38593.6462,27316.0839,97446.2609
59288.7107,164808.1685,38601.6642,35825.2602,99194.6045
60316.7612,164744.1748,38633.7053,124838.2343,99878.6136
60981.0979,165248.2507,38577.5386,60352.9168,98650.5138
58576.4835,164020.2218,38613.727,50955.4493,99482.6484
61568.9774,165612.2075,38585.6425,54500.034,100506.7972
58996.5599,165424.12,38689.6494,48751.0946,99934.5591
59692.7909,164832.1031,38597.7,35349.2474,99478.5252
59948.8034,165384.2256,38625.5567,28984.331,99286.3416
60104.6878,164843.9382,38589.6021,26839.9208,99754.8387
58864.684,164416.0879,38637.4881,65393.5056,99374.5934
63597.3115,166160.4233,38597.8205,46886.8597,102975.0605
61736.647,166228.4071,38625.7943,35953.1511,97978.3767
60016.6864,164683.8392,38589.5992,36837.3792,98806.6698
58284.6577,163555.9362,38669.6697,36961.4292,101278.8129
61188.9531,165148.3357,38585.4805,41138.027,99430.4604
62253.1685,166080.3243,38609.7628,46178.6258,99158.7116
60641.0296,164488.1126,38577.589,66965.8,95741.9816
60388.4024,164612.1935,38685.6689,47258.9231,102038.9554
61590.6271,165864.2634,38593.7457,47818.8938,101194.8904
60932.9206,165336.194,38649.792,72754.6624,100086.6393
61617.0575,165724.3378,38597.7309,56316.1966,99230.4668
57940.4141,164600.0934,38669.5952,44374.4958,101270.8277
58952.6992,165132.2681,38585.6097,34917.0806,101282.8086
61133.2096,165216.3499,38609.7323,98562.3723,103051.0559
59820.9359,164372.0869,38585.5366,80739.8875,99758.4505
58156.5614,162715.5983,38633.5186,63701.3176,97910.3148
59824.6081,163444.095,38597.5806,69946.2018,101118.7233
62217.1711,166312.3509,38609.8139,40221.9965,98778.4362
59292.6411,163803.8527,38585.6708,34480.8621,102547.0315
63189.1829,167340.5165,38637.5724,65621.5204,99290.4132
61624.9412,165712.2587,38657.6592,43686.3716,100086.6273
60348.75,165175.602,38657.5638,66113.3881,99426.5613
57448.3273,163523.6017,38585.6597,63873.1869,98294.086
59884.4663,165567.8071,38621.6022,42390.2472,99854.4851
58944.5134,164083.6837,38589.5425,43206.0855,97810.1653
59124.5331,164079.6515,38597.6086,92001.232,99062.1541
58556.5716,163883.7242,38585.5688,69314.4041,100962.4475
58576.3714,163315.5855,38633.4675,26863.7747,99906.3407
59168.6119,164919.8363,38589.5293,27915.9689,98450.1774
61384.7082,165031.6656,38669.6136,35421.0411,100914.5451
61404.8705,166071.7964,38585.5309,44174.3412,98506.2354
59048.6833,165096.4179,38669.7538,47418.9695,100306.8157
60788.9176,165640.696,38597.868,39782.0765,99834.8156
61144.9582,165512.4164,38601.6707,46890.9353,99706.7234
61268.9926,164996.4011,38589.4618,47427.0273,101775.0727
57796.8006,163304.2188,38617.7255,45554.8374,102179.0588
60188.8782,165028.4575,38601.8717,43802.4717,97650.4229
62081.3094,165320.419,38677.8091,70422.4097,99446.7233
60796.9321,165164.289,38581.8427,68898.1696,98610.5407
60308.9106,164684.4178,38621.6446,44778.5814,100690.9125
59812.8611,164104.2095,38585.6506,53247.8898,101039.0086
57820.3382,163276.0918,38609.8516,42718.2109,102551.162
60589.0349,164964.4368,38589.9448,46790.9114,101326.9601
60306.2046,165112.4457,38641.7793,42993.4033,99214.0107
58112.4082,163468.0243,38612.1699,44038.4991,99862.8016
60232.8868,165196.6504,38701.8334,38013.6708,98974.5223
59128.9227,165356.4634,38591.5279,51067.4158,100158.8726
62169.1658,166468.7012,38681.673,56964.3821,102891.1346
61697.1893,164840.34,38585.6891,51671.5817,97366.3413
61744.9559,164931.9919,38673.5843,53291.5875,99970.5959
61605.0438,165676.2066,38657.8647,55980.2385,101446.8968
56984.3771,163823.9907,38605.6466,50807.4609,100566.6682
59024.7417,165352.2249,38589.7475,62581.1019,99078.3839
60816.9667,164804.0414,38625.7482,43394.3803,100014.5269
61145.0416,166236.23,38593.6149,45210.5761,100158.6735
58396.6941,163956.0271,38625.7358,35249.0984,97810.0221
60985.0414,164347.9648,38585.6083,40569.9061,100258.9036
58820.5899,163875.9477,38637.7078,43394.3151,100770.6817
59148.646,164572.1304,38585.6523,42146.2279,98182.2704
61068.8301,164980.1144,38605.7907,51443.543,102891.0306
59120.7132,165640.3207,38597.6747,61588.9442,99334.5923
63377.274,166580.4702,38617.6013,42706.396,97354.2706
59524.7199,164452.0143,38593.7914,45982.9236,100538.7152
59856.8137,165504.7321,38685.9005,38357.4775,100987.1427
60172.8499,165304.4438,38589.6795,42994.3632,98786.6261
61849.2868,165424.0146,38665.699,47742.9571,98370.3926
57072.2618,163324.0022,38589.4706,58916.5456,100302.7244
62225.1204,165660.1175,38629.8636,44838.7105,100166.6307
60216.9375,165584.198,38585.6994,38117.7241,100634.6121
59544.6779,163983.9578,38617.6664,54199.7789,101482.8383
60992.8693,165396.1668,38597.8196,53603.9484,100926.9753
58736.5406,164223.9852,38637.7432,54328.0618,100590.424
57836.4919,163031.8505,38589.7567,50375.3685,101002.6225
59956.7037,165080.159,38633.7641,36609.3577,104287.3251
59168.7292,164324.0466,38593.4468,42450.2004,99606.4291
59124.7025,164131.9875,38665.7162,38093.2623,101183.2501
60564.8926,166180.3963,38589.7436,41306.0738,101626.9665
60764.9893,164260.2453,38605.6884,49243.4063,99382.4417
56576.3813,164100.1683,38585.711,48715.1976,100514.787
61144.9492,165420.3047,38637.5951,75094.9315,98222.4449
60417.0374,165252.2243,38585.4802,70794.2232,98394.4265
62277.1903,165171.8975,38665.5718,48767.1192,100070.7614
59704.7126,163896.1411,38589.5504,61485.1283,99298.6448
61520.9704,165528.1593,38629.7091,51795.7474,97666.344
60904.8635,165580.305,38581.6567,53467.8829,101275.036
63781.459,166164.388,38637.6844,71146.5866,101382.73
59288.8565,164488.1971,38593.7542,65661.6564,99106.8048
59840.7337,164744.0878,38613.3631,36749.5105,99958.6562
60416.8488,165964.4084,38585.7358,44410.4767,100870.7935
58008.5521,164284.1102,38617.6633,55780.0614,98714.5023
61288.9089,165336.3858,38597.4304,55320.063,99910.4284
59732.7116,164220.1982,38665.6271,51591.4504,99854.018
61145.0197,165520.2455,38621.6022,51971.6491,98974.4423
61529.0189,166072.675,38641.6855,54527.998,101778.8219
58824.6331,163376.0612,38593.777,51163.5302,100090.612
60724.9297,165708.691,38681.696,69438.127,98974.4163
64261.4498,166780.7703,38589.8073,55392.1574,99234.5937
59472.7524,164752.1993,38609.6842,47142.9098,100170.7225
60752.9323,164648.3445,38593.7625,45166.8766,100970.879
57040.3684,163832.0625,38597.7406,54980.1695,101707.0975
56980.3507,164116.1742,38589.7344,69034.1638,99238.6508
58732.7073,164420.2286,38661.7117,56472.3261,100062.8508
59188.8326,164112.2528,38569.911,51127.5474,100382.8373
63209.2314,166824.6954,38637.7102,45838.8377,99742.7331
59556.8094,164976.3892,38589.6174,46098.7396,102667.6128
58160.3706,163491.8171,38669.7025,52543.7036,99706.3139
59324.6606,164763.9753,38589.6617,51571.58,102859.0907
60520.7963,164780.0618,38617.6385,55296.0564,100234.6843
59268.6121,165411.9694,38585.6335,43942.3096,99338.3455
61492.9657,165948.1104,38609.3026,44110.621,98650.494
60820.8897,164920.0181,38589.4982,36549.4267,98918.3684
58464.5479,164099.8962,38629.6791,56728.2549,101026.732
61984.9972,166136.4255,38589.6933,67233.8066,101850.9373
60372.7829,165312.0201,38629.6409,72762.6771,97718.1004
60084.6379,165392.1158,38601.6329,75611.0,100590.5944
61481.0895,165340.1627,38637.6623,34208.9909,100718.6811
59620.6129,164699.9214,38589.644,33336.8318,101966.8692
59724.8929,164599.8674,38641.552,57408.3832,99082.6128
60560.7521,164699.9439,38589.6165,64561.4109,99802.466
59756.8756,165164.1157,38689.6986,46926.8326,97386.4665
60476.8047,165384.2059,38585.6599,46254.7649,101142.8734
58500.6396,164416.1119,38633.6397,34604.9784,100590.7148
62085.1263,166332.5128,38581.7023,41117.9514,99630.7094
61356.9699,166004.42,38621.7021,39661.8241,100294.6532
57292.5802,164188.1048,38605.8289,38469.7948,101686.9725
58980.6854,164188.2412,38617.7232,44774.5794,102311.0314
59264.676,164520.2399,38597.8093,55016.1256,100762.79
57908.5293,163840.0452,38629.6908,58068.5092,100678.8035
60501.1785,165100.3035,38593.6819,54816.0653,99798.8094
61188.9068,165272.3149,38633.64,55608.2201,99374.6596
58408.6712,164532.1813,38597.5045,52123.6512,100402.5826
59748.7901,165196.2015,38669.5875,46934.8351,101950.9208
58532.5699,163908.1355,38597.5135,68105.9327,100778.863
59744.7544,164804.349,38633.6646,34761.2473,99018.5046
59268.7462,163584.0194,38585.9243,37081.4416,98930.5838
63373.2638,166532.3276,38669.7357,35257.2062,101770.8038
59940.7616,164048.0106,38585.6425,34109.0017,99378.7277
58016.5368,162531.5753,38625.651,29152.203,99258.5137
59288.6115,163812.0626,38585.5407,35097.0274,99294.5695
61537.0283,165008.2285,38621.6695,49851.4029,100486.7606
61312.999,165540.1516,38585.6891,50099.2637,99702.5354
58688.5714,163963.8921,38637.7659,44846.5223,99374.5213
60128.7715,163452.0029,38601.6629,56040.4041,100962.7608
62013.0143,166640.3048,38677.7734,56540.2239,97778.4421
59540.8368,165216.035,38597.6111,60993.0391,102850.9861
60836.9233,164840.1542,38621.7056,47839.1012,98006.3053
60092.7294,163987.9281,38589.872,42102.3492,99978.4933
59176.7729,164816.1417,38597.5367,51547.6213,99190.5254
58760.4774,164868.057,38593.7503,39313.6554,100482.9898
57928.3667,163772.0226,38697.6678,90137.879,102161.5158
61256.7522,165676.2364,38625.6296,98146.3916,101338.8206
59249.0198,164633.1768,38653.6371,125546.3071,100144.7597
58468.4948,163939.9712,38609.6264,106471.6447,98814.4716
60875.1886,164969.819,38645.5455,37289.4061,102382.985
62593.1224,165900.3036,38613.7085,42118.1522,100644.1428
61593.0643,164743.975,38643.1567,88449.1458,99850.5928
59948.8119,164276.072,38617.6978,61540.9667,101206.8072
60516.8751,165828.2985,38629.666,36165.2262,100222.5665
60180.7405,164832.1823,38613.6457,35773.2144,98898.4662
60252.7629,164975.9764,38641.6409,32756.7511,98034.2427
58084.5063,163703.9658,38617.3666,34136.9841,98674.469
61256.8261,166548.131,38705.6173,55203.977,100162.5091
58900.4956,163967.5183,38601.4904,50447.372,98814.3043
62196.9138,166407.9676,38597.6413,39273.8079,100174.3539
57736.4237,164351.6211,38589.5423,32056.606,100790.5482
59020.5518,165716.0376,38657.6859,57468.3733,100018.468
59984.5939,165447.9693,38589.5629,57344.1157,101618.6065
58920.501,163963.5526,38601.4527,30828.6553,99978.4745
59616.495,165455.948,38589.4918,35129.0466,102690.9721
60472.7743,165107.9481,38685.6186,43306.0752,99238.3556
57472.324,163591.643,38581.6489,57144.4019,99386.301
60868.7797,164855.7871,38621.5253,59144.4048,101574.6234
60048.9156,165447.9,38577.5195,65625.5724,101858.6086
60168.608,165231.9785,38669.774,38685.5478,96897.847
62268.9164,165844.0595,38585.4096,37433.5605,99698.3513
62073.0658,165252.0915,38601.6567,62721.1818,101794.9506
60552.9948,165352.0522,38589.4628,85960.5367,100526.6265
57348.2431,163707.7641,38613.5364,88272.833,100034.4737
58128.3226,162907.9334,38585.6453,89548.9659,100566.4875
58500.5501,163919.6843,38597.5569,47450.8232,99354.4153
59552.6118,165063.962,38589.6318,49707.1855,104255.2879
59472.0005,165455.8022,38668.0175,41696.016,100999.8837
60528.0758,165523.8276,38588.0173,41503.9256,97747.8404
61220.9731,164972.0856,38681.89,69542.0266,99806.6289
62393.1294,166328.3542,38589.7592,72302.5727,99098.4548
59068.4873,163995.8634,38637.5209,33004.6761,100666.7091
59548.6155,165252.1499,38589.629,34069.018,101506.778
59388.7626,164764.1251,38601.6464,79943.7364,100570.7458
60576.7395,164252.0004,38585.8389,63933.2901,100738.8349
61688.9747,164952.1264,38605.591,62477.1117,97778.1479
57392.3849,163271.9104,38593.5293,71702.5316,101306.8735
58580.6961,165028.064,38609.5725,28532.161,101518.6282
58656.673,163287.7481,38585.6481,22219.215,99086.5682
59792.7385,164188.0028,38609.542,37353.4621,98670.3694
59592.5421,165472.385,38585.677,34472.9041,99006.6252
59348.9634,165260.1151,38641.6576,49807.1921,101282.8592
57484.417,163107.8972,38589.6995,43882.4592,100118.7375
58904.5739,164752.4284,38601.6749,42342.1781,100106.706
60620.8718,164772.1473,38581.6754,46646.813,100210.5945
60984.8314,165152.4791,38597.6265,42398.1079,100050.7235
57140.4007,164224.1735,38597.481,35057.2591,101338.7003
61448.9764,165728.2136,38665.6266,53695.8329,98974.6287
60972.7477,164868.1457,38601.6807,48487.0415,100390.6925
57808.4789,162831.8157,38625.6443,52075.7029,101438.7419
59648.623,164015.7825,38589.7576,52831.6734,100214.7368
61416.8856,165472.0475,38625.584,62661.121,99074.4401
58944.702,163756.0027,38585.6972,57896.3632,97846.0918
58124.4927,163355.6164,38645.5448,49631.0471,100646.8044
58800.3562,164567.8452,38597.5887,59128.6942,98066.2294
61812.8941,166936.311,38617.8223,45458.6404,100178.6818
58668.5027,164904.0074,38593.4989,41394.0634,99042.4231
59952.7548,164996.0509,38629.5452,53563.823,100454.8412
61044.8442,164739.9318,38593.6791,45586.5693,100070.5974
60724.7373,165267.9755,38633.8715,141412.5426,100402.591
61164.7274,164856.007,38589.6111,80679.8147,100314.7065
58420.6733,165088.0396,38681.7684,40945.9726,99150.2792
61524.9046,165792.0199,38585.5233,44778.6995,101734.8143
60508.7402,164847.7802,38665.66,27852.1437,102234.8012
61112.8714,164992.1245,38585.7214,32236.7462,100746.3968
58572.4846,165428.0931,38633.626,68801.9606,101306.642
57252.3219,163755.8558,38593.5126,55163.9829,99742.5364
59824.7915,165111.9601,38633.6238,79463.6096,100618.4857
58576.4639,164663.8478,38593.838,100582.6917,100774.4516
60188.7051,164859.9823,38633.5217,52127.4766,100458.5197
58544.3281,164823.9146,38652.3277,50857.9531,100070.6074
59768.6518,164511.9813,38621.1775,39657.8189,102298.9576
60848.8417,164911.9543,38585.5299,36929.391,100318.5656
61865.0016,166352.0335,38625.5499,57392.4601,98322.4545
58532.4316,163907.8291,38597.7748,41718.0042,101050.616
57024.3161,163080.0275,38621.6442,46342.7704,99398.5781
64405.3659,167280.4538,38585.569,43270.4424,98594.4536
59324.5261,164792.2662,38669.6821,30888.4264,97674.2074
59704.8378,164028.1371,38597.6267,32188.7506,99250.5045
59504.6308,164959.8417,38613.7925,52647.7283,99334.3446
60284.6968,165551.9485,38601.599,71198.2021,98042.024
60736.9302,165335.8985,38677.6212,52531.5581,98638.438
61549.0004,165892.1065,38593.597,56076.2035,99526.3932
58212.4853,163799.7185,38637.6757,69466.0868,100834.4271
61548.9512,164847.7699,38577.6278,62545.1179,99574.3984
60004.6443,164724.0974,38633.5968,61656.9391,101574.7544
60696.8572,164567.8856,38577.5067,72130.6811,101450.7161
58316.428,164852.0254,38669.7453,41182.0005,99438.4416
59968.7739,163783.8851,38581.6467,44446.4947,99706.4816
58884.7173,164740.2916,38645.7077,72174.6372,98158.4831
61233.086,165408.4498,38589.4666,58676.7964,99730.6775
59904.6827,164696.0054,38637.7242,53259.936,99362.3492
59208.8388,164039.763,38661.606,61108.9641,99750.4392
57772.3758,163435.7343,38625.5061,65661.4804,101610.7431
60600.8525,164887.8969,38601.3943,69682.1364,100126.5965
62849.0582,166426.5284,38665.5931,68001.9352,100770.6852
58400.6253,164599.6529,38597.6354,65469.4969,102590.7625
59364.4283,164315.9152,38685.6123,53947.7821,99966.5417
60792.8515,165392.2482,38609.4076,49159.2247,98878.3817
60717.0306,165968.4394,38637.6922,64001.3404,99442.7357
56800.4544,163287.8209,38585.6967,51479.6245,101007.1387
57928.5015,162619.6716,38637.5326,35209.0172,100946.8059
59948.8114,165059.7585,38585.6251,37305.5541,99698.5297
60328.7058,164571.8633,38669.6918,71950.4426,100126.4131
59968.7174,164576.0047,38597.6307,71710.4999,100871.0385
60392.7239,164695.8773,38629.5947,48923.0071,98494.3207
59336.7208,164387.9392,38597.6934,58544.4563,98226.1778
59912.7333,164359.7186,38705.6405,59164.5459,98710.0273
60896.7489,164435.8219,38597.6017,56800.2211,100958.6614
60364.9311,165436.4199,38681.7024,34445.0409,100934.9512
58556.7081,163916.2933,38597.6369,37981.6697,101098.9336
59252.5764,164591.7679,38649.6592,55968.0785,101370.5957
61280.9199,166168.0279,38589.6521,65817.5479,99922.4353
61792.9511,166596.1927,38757.8944,61020.7662,97890.2003
58936.4956,164843.8746,38585.6003,52483.6068,101322.3958
61269.0272,166024.2736,38641.586,51939.6224,98074.3242
61348.9388,165056.0838,38601.6346,45854.6576,102439.0097
60840.9759,164315.7664,38677.6585,61080.6956,98898.4759
60357.1032,164111.7812,38589.6522,53323.7813,99854.5316
57500.368,163328.0121,38685.6712,49471.3221,98614.5674
59476.7074,165140.538,38589.7578,44546.5476,98894.4471
60264.9704,164708.1794,38637.6334,52251.6926,100290.8325
61244.9228,165164.2634,38589.7019,37665.6613,100682.8538
58480.5985,165044.0051,38689.2432,80891.8165,99666.3569
63417.1883,166534.2562,38589.5387,79018.5721,99910.466
61069.0023,166080.4013,38653.6212,50947.452,100942.7699
59612.758,165524.3323,38585.7276,52899.6646,99222.6476
60708.8191,164571.7869,38609.6972,65641.5366,97430.0577
58980.74,164191.7309,38585.6402,62641.0041,98838.3859
60012.7081,165172.072,38633.6435,63209.2446,99426.4118
61860.9288,164415.9165,38577.7165,63325.2112,99318.5044
59504.8111,164864.0184,38625.6238,26435.8703,101258.6594
62048.9836,166724.2078,38601.6331,31328.5875,100902.7077
61577.0163,165536.2638,38629.6852,25755.6733,101802.586
59972.7716,163927.8971,38593.5472,34517.037,99878.6317
58360.4988,163496.2666,38625.6745,54680.1946,100334.8321
60092.8542,165184.3219,38585.5542,56284.2919,99334.5333
58344.4435,163243.7068,38673.6201,37513.4733,101018.8639
59884.6921,164892.0213,38585.5194,40950.1026,99526.4931
60712.918,165964.2522,38633.5264,81999.9843,102490.8843
58152.4686,163987.8468,38593.5442,58212.1125,101266.6468
61353.1221,165772.2059,38685.6267,70854.3647,98898.4772
58964.7628,163868.1079,38641.5864,45042.5693,97746.2617
61893.0205,165932.2319,38657.5295,29840.3446,98702.3971
60260.8645,165728.4446,38593.5845,49235.028,99794.6245
59236.7545,164419.961,38697.7003,52655.7706,99910.5516
58224.4731,163992.0693,38621.6724,53895.8279,103511.2072
61528.9749,166420.5073,38657.9876,56568.4198,98214.402
60869.0841,164640.2572,38597.874,48503.0626,98994.5319
61761.142,165832.3124,38713.6322,66381.7715,101450.6521
60416.7896,164460.1387,38625.6123,68021.9317,101002.5611
59848.8659,164831.8654,38689.7279,58332.5008,98110.4024
56772.2815,163975.8347,38613.6176,63965.3954,100022.4972
63797.3239,166364.3834,38637.6586,76495.2345,98706.4174
58224.493,164328.054,38665.582,72486.58,99086.4792
58572.5552,163875.808,38677.8116,63269.1875,98730.3485
62016.9713,166016.0574,38620.7595,62033.0714,99502.3586
61192.913,165440.1715,38681.6656,52875.7646,100382.7669
62937.3887,165100.3091,38609.6899,41626.1578,102055.1161
59640.7028,164468.0862,38645.5564,71830.6566,100050.7111
61889.0731,164983.9548,38709.795,81519.5063,100334.672
60468.8545,164868.255,38681.5777,58596.1411,100530.5536
60460.7247,164963.9628,38641.6521,74702.8019,99934.6019
60720.0215,165984.1304,38637.6553,111624.384,99442.6069
56800.374,163288.148,38597.7521,71258.4447,101006.8927
60384.8607,164700.0425,38673.7262,68057.9455,98498.3864
59328.8671,164392.023,38637.5868,66693.7171,98214.4009
57948.1825,163411.9046,38677.6661,86232.5222,98610.3246
56576.3128,163160.1419,38653.7153,84692.2075,102582.8493
59904.7697,164344.1199,38697.7105,49979.256,98718.4889
60897.0895,164419.9751,38601.7874,50863.5184,100970.9592
60356.3458,165460.6301,38677.4175,41137.7854,100954.7238
58552.5126,163927.8775,38605.607,35572.3713,101090.6264
61081.0798,165495.7822,38701.6971,56060.1891,98574.3434
59236.6561,163071.809,38613.5912,61520.97,99146.1711
61256.9423,166028.2874,38713.5914,57152.5522,98070.39
61344.961,165068.1901,38617.604,51179.5107,102454.9849
60832.9123,164311.9443,38637.6671,33976.9354,98902.4516
60356.8147,164108.0476,38589.5348,34881.1047,99842.3445
59984.7494,165660.0929,38673.5988,72790.5744,101108.9115
60448.7702,165203.9687,38605.7117,72110.4621,99738.5126
60212.3542,163756.2075,38689.641,68657.8061,98410.5262
57004.3551,163007.9503,38597.6348,73078.7699,101830.9445
60264.8465,164715.9113,38697.654,45234.6042,100294.6768
61256.7804,165168.2203,38617.6961,64509.4793,100674.743
58320.4919,164368.051,38637.623,46334.8421,100754.9323
57832.4884,163323.9,38601.5919,46386.8884,100470.6849
59892.6747,165283.931,38652.8159,60024.7993,100862.8554
59228.6922,164119.9731,38629.6199,52259.627,101954.8543
58476.4073,165036.0897,38681.6075,85256.4132,99666.5912
63417.1536,166584.3197,38633.4967,77515.248,99902.5948
59924.5902,164892.0334,38725.3564,57508.4462,100546.7314
55496.0303,162899.8387,38589.6051,49143.259,98474.449
59816.6189,164203.401,38705.646,54411.6035,99266.255
60720.7448,164883.986,38624.5179,55324.0856,100506.5056
58164.4746,164184.0209,38693.6674,43302.3751,100582.7147
60112.7967,164948.2451,38621.6793,40697.9225,100746.778
60020.7446,165176.1025,38729.8983,76479.2211,99438.3748
61853.0359,164424.0982,38605.4132,71510.4539,99338.4754
59388.4378,164580.1502,38681.6844,77155.3898,98170.3384
61528.9099,165832.4951,38597.6072,56031.9847,98878.5754
61493.0237,166055.8072,38673.5759,56772.2799,98042.3536
61861.066,165396.2103,38597.7296,52879.4478,99690.4937
58172.5143,163432.1214,38677.761,67193.9039,99322.6255
61421.0266,166716.2989,38605.6284,64233.2567,99434.8311
58368.3799,163644.167,38657.6712,56968.3296,98734.8317
60424.7107,165652.3752,38601.7009,60016.7071,99450.4539
58420.3354,164824.1011,38673.5811,29536.3714,98246.1831
57208.3009,163827.8876,38581.5741,41538.0386,101454.7418
59856.8128,164508.1726,38649.6783,40514.1301,98786.4737
58276.4925,163980.0626,38601.6674,48046.9846,100186.6906
61840.8698,165952.1395,38709.6702,56452.2972,100154.4954
59460.6729,165143.7437,38609.6402,55636.304,102090.8774
62132.9895,166752.2854,38637.6759,66545.5206,102254.9794
60968.8187,165068.1528,38585.6919,59480.6186,100450.5715
58488.5786,163496.0257,38645.6174,46402.8253,98806.5075
60429.1386,165784.176,38597.5283,47082.9535,98690.2348
59028.5204,164804.0373,38697.5692,48859.2375,100046.7076
56300.2431,162931.733,38601.5579,43714.1357,99366.4526
59272.8151,165180.2424,38669.6297,51055.5461,100658.7104
61180.9873,164860.2417,38581.7241,60004.8024,103415.0755
60880.842,164671.9221,38693.6957,43642.3622,101762.9954
61332.8406,165248.1044,38585.721,37185.4392,100822.8731
61825.0464,165716.0896,38709.6309,32864.7369,100426.6914
61024.8524,165036.0534,38601.7039,35693.2656,100674.6543
60657.3142,165660.2355,38677.6717,68358.0718,101538.7541
59912.6972,165016.1411,38605.5908,70002.2552,99734.7716
61817.0543,165500.4536,38641.6584,63697.3717,101378.7673
58968.6897,163979.9025,38613.5734,68770.3673,101370.6589
61344.9269,165391.8776,38645.8459,36621.4033,100654.8951
58632.641,164300.1678,38593.8112,35080.8572,99786.466
62697.1811,165892.2139,38637.5912,61621.0564,98886.4322
61137.0369,166016.2392,38597.0474,58932.5422,101963.0426
58844.9087,163759.8675,38701.5185,58896.6708,100298.401
60460.7819,164664.1572,38613.5716,56844.4411,99334.6892
60540.7635,165015.9462,38685.5864,56019.9548,100338.6028
56980.3021,163471.8926,38618.3387,54602.781,99134.6381
62157.2934,165620.3281,38661.5004,53803.8618,101798.888
58692.6588,163855.8214,38637.3179,57952.5111,99734.7033
59132.8206,164427.8783,38641.6382,47927.1541,100850.8225
59332.6895,164064.0301,38593.7056,52527.8487,99402.663
58540.6208,164623.9102,38753.5745,58216.458,102426.8117
58856.7506,164407.7451,38677.4332,61668.9757,99786.5964
58256.5407,164259.9269,38697.6243,40494.2725,99906.4642
59204.6724,163819.9584,38617.5498,42214.0467,100106.5043
58604.6263,163948.0461,38693.6134,57340.3814,100710.8958
59040.2935,165048.045,38613.4905,50583.3272,100318.8048
58256.5822,164387.899,38693.603,52211.5512,97974.3308
59116.5892,164359.9414,38685.6993,49651.2926,98950.364
59036.6417,164728.2646,38637.6563,56472.2503,98514.4187
59848.721,163320.0361,38613.7272,47462.879,103175.1724
62601.0732,166896.3214,38677.7165,48938.8602,98758.2993
58444.4603,164264.3211,38593.5796,42334.1545,96401.9826
58684.3174,164007.9889,38641.6931,84032.3119,100914.4282
59000.5426,164164.0671,38597.5966,77015.2746,101579.014
61176.918,165360.06,38689.4995,72662.5213,99918.9123
59052.4637,164295.9641,38629.8782,60020.9908,100722.964
60632.8999,165908.3479,38633.6742,65813.6837,102026.8106
60700.6085,165488.2621,38605.6552,47718.8854,101086.7091
60076.7347,164884.0663,38713.6297,139360.2733,100086.7155
61856.9747,166004.289,38633.7908,130862.734,99737.7184
