,R1,R2,R3
S001,,,
S002,0.017655115167126763,,0.02276457861749851
S003,0.0160561989698733,,
S004,0.07780025688544366,,
S005,0.12616467811520898,,
S006,0.01550567076751271,,
S007,0.021405434640571906,,
S008,0.019789039974986027,0.04134853983871656,
S009,0.0214075776567317,0.48559926604407877,
S010,0.028444028125078367,,
S011,0.018418925914733625,,
S012,0.02146125844889606,0.02078875271744836,
S013,0.13103502394730976,,
S014,0.023726740637119402,1.1137548868022704,
S015,0.18732116522980646,,
S016,0.6921611135612468,,
S017,0.02789898263080598,,
S018,0.017319935513548566,,
S019,0.01843701050975898,0.0480785995020284,
S020,0.023685368256868598,,
S021,0.12734228481354978,,
S022,3.2151310075065984,,
S023,0.024716681837855373,0.08189272780649025,
S024,0.03936551295940548,,
S025,0.042796646729991214,,
S026,0.7388708749049654,,
S027,0.014978702467732105,,
S028,0.03999808218762644,,
S029,0.02288349978880188,,
S030,0.037674811367477204,,
S031,0.0865289821187003,0.044316738944260345,
S032,0.029870343957190477,,
S033,0.01983117775193935,,
S034,,,
S035,0.033347328633595144,,
S036,0.03208774826288754,,
S037,0.024992539901672987,,
S038,0.0775466943143183,,0.013472957862927511
S039,0.03971399299317596,,
S040,0.20261400233946772,,
S041,0.01833533330440998,,
S042,0.048636796407179286,,
S043,0.07642046561081596,,
S044,0.03697543210915476,,
S045,0.013268361581717517,,
S046,,,
S047,0.04387613074499981,,
S048,0.026138569984439163,,
S049,0.027592879535329788,,
S050,,,
S051,0.015692415100423244,,0.013402030354043793
S052,0.031910356853515856,,
S053,0.3013773594022751,,
S054,,,
S055,0.016222737418582406,,
S056,0.08207926461291612,,
S057,0.047333491220101095,,
S058,0.01991841494139889,,
S059,,,
S060,0.27702628156408504,,
S061,,,
S062,0.31196341121670185,,
S063,0.01682558664614934,,
S064,,,
S065,0.03645127346694221,,
S066,0.014691360429311486,,
S067,0.02712262967766793,,
S068,,,
S069,0.013351739756015283,,0.01203368218752654
S070,0.02235711407938071,,
S071,,,
S072,0.03138188006055343,0.01608546185016398,
S073,0.02120245618563599,,
S074,0.01748046582516068,,
S075,0.08959732756151087,,0.029881948762088793
S076,0.06532436259094121,,
S077,0.038299742472117745,,
S078,0.10065075630677763,,
S079,0.03653744139225594,,0.05205790061288231
S080,0.05263019723867106,,
S081,,,
S082,0.04189783548954667,,
S083,0.017223810928551044,,
S084,,,
S085,0.12684180073821827,,
S086,0.07009025596913533,,
S087,0.044560117513667494,,
S088,0.03235051468270087,,
S089,0.019565571267987625,,0.02520575892524346
S090,0.23177967341281785,,
S091,0.1265041589406351,,
S092,0.011545304121229108,,0.014353064469002131
S093,0.1132881737452092,,
S094,0.060056694948573366,,
S095,0.03817925345538405,,0.028125094055813083
S096,0.025851486142653268,,
S097,0.44473057532705085,,0.06271914903369878
S098,0.018137855945391794,,
S099,0.014153646165853361,0.022621048941844336,
S100,0.08763483829419375,0.03838178735605882,
S101,0.04493354725760067,,
S102,0.10306664272470614,,0.016223342401616093
S103,0.05111156434365867,0.02531667742760832,
S104,0.023278169528653893,,
S105,0.5577100463578567,,
S106,0.013151476385455394,,
S107,0.0636576683369885,,
S108,0.052729908597030695,,
S109,0.03878458774357345,,
S110,,,
S111,0.04743248296496823,,
S112,0.0188798132517797,0.07077406903000569,
S113,0.04107407981241488,,
S114,0.02996028927944447,,
S115,0.04930010310038485,,
S116,0.04007508048758248,,
S117,0.02317454138623292,,
S118,0.0437827300362523,0.01536995093858311,
S119,0.025451915768608807,,
S120,0.1570228682609943,,
S121,0.01707775363360952,,
S122,0.018986075807614158,,
S123,0.14144939228026768,,
S124,0.14327345140523146,,
S125,0.18922056194484688,,
S126,,,
S127,0.02307922693681722,,
S128,0.03485447179346457,,
S129,,,
S130,0.36255467393932056,0.020847382333676036,
S131,0.04909031439581886,,
S132,0.4100475624191799,,
S133,0.1889824437290393,,
S134,0.316456600454728,,
S135,0.33216750042331655,,
S136,0.4870983364213979,,
S137,0.06473990435866087,0.020457786013651523,0.034450901287376365
S138,1.8449118881027373,0.7393372318516235,
S139,0.029169727395563595,,
S140,0.9553966798929039,,
S141,0.02004787749408967,,
S142,0.04352861007093145,,
S143,,,
S144,0.06459884589581529,,
S145,0.73281058666489,0.19020320475935973,
S146,0.09872285975544555,,
S147,0.14158192861686944,0.14002020404585963,0.26904578645611366
S148,0.019894237575681768,,
S149,0.18197291428943405,,
S150,0.0421942204372703,,
S151,0.04018956339481611,,0.023492509017321105
S152,0.051031930277832205,,
S153,0.02407529063567678,,
S154,0.1389877864478261,,
S155,0.019331621364007796,,
S156,0.11187141052274456,,
S157,0.042076451076923496,,
S158,0.015005084759461138,,
S159,0.011510090858240462,,
S160,0.08857818711795831,,
S161,0.3811554968549834,,
S162,0.0641587544545191,,
S163,0.017101202189242083,,
S164,0.04369363287125279,,
S165,0.02352616979975071,0.02843564228927975,0.06025743379560898
S166,0.014028379442932119,,
S167,0.02099496639973169,,
S168,0.23001210997004873,,
S169,0.03714232860959034,0.05547576839908922,0.02557994403769904
S170,0.043097495821871834,0.20684340062694123,
S171,0.033074121628965135,0.37365434757433313,
S172,0.043774186183905765,,
S173,0.23030191845368306,,
S174,0.029022520528788415,,
S175,0.2959829695661228,,
S176,0.01704271279701298,,
S177,0.02217419526741087,,
S178,0.019728353293257988,,
S179,0.10805092936699759,,
S180,0.2673499602428936,,
S181,,,
S182,0.02011333915798022,,
S183,0.07679732428947524,,0.024807773565951357
S184,,,
S185,,,
S186,0.5260525584655532,,
S187,0.022355895234916504,,
S188,,,
S189,0.31997742021211917,,
S190,0.6600103986632659,,
S191,0.02489417787778094,,
S192,0.06955370398813511,,
S193,,,
S194,0.06374220149189473,,
S195,,,
S196,0.28930671422131504,,
S197,0.023927177944830638,,
S198,0.9989464930576469,,
S199,0.047416724341406064,0.08861000743492115,0.022511449945231656
S200,,,
S201,0.9620434255287303,0.03785089286243218,0.04933400828294601
S202,,,
S203,0.147294170317985,,
S204,,,
S205,0.020812063995935125,,
S206,0.03629642325491125,,
S207,0.013360202450628838,,
S208,0.29629532900910277,,
S209,0.014790549429683891,,0.013796242448436311
S210,0.045581091475118594,,
S211,0.01334875498720391,,
S212,0.13286624880464268,,
S213,0.06902761340756115,,
S214,0.013272912639567886,0.033229412455616295,
S215,0.2571345783809595,,
S216,0.05155227712350989,,0.07756301842298644
S217,0.026841292207170582,,
S218,0.05271819538009727,,
S219,0.0176577262390273,,
S220,0.0490288660464318,0.14799390868710752,0.05466724678932287
S221,0.01598552655212271,,
S222,0.3446379094442564,,
S223,0.06798319902424717,,0.044015153911927944
S224,0.4656886448927783,,
S225,0.18498095499670988,,
S226,0.01989198543375605,,0.04964056202695896
S227,,,
S228,0.6846223935424585,,
S229,0.247673395867244,,
S230,,,
S231,0.03240058185861765,,
S232,0.01215125400415814,,
S233,0.1054928407555363,0.026327968606655715,0.01895998768853622
S234,0.032310114574491185,,
S235,0.022651679804515518,,
S236,,,
S237,0.15648648074451693,,
S238,0.05528075005026974,,
S239,,,
S240,0.028622118018521304,,
S241,0.02195751028176602,,
S242,0.08630092614759821,,
S243,0.051000652764953726,,
S244,0.025969077350078983,,0.5468076853190288
S245,0.6290731395683427,,
S246,0.03961739798233306,0.01953000249165342,
S247,2.035415872942001,,
S248,0.5564840418436586,,0.04061775649673947
S249,0.01906675245617629,,
S250,0.07271174365226968,,
S251,0.13371220544532975,0.01461521401525399,
S252,,,
S253,0.5711496221322098,,
S254,0.3401449581646577,,
S255,0.34516354610776456,,
S256,0.06252316517399562,,
S257,0.37668513668890613,,
S258,,,
S259,0.07384990765849957,,
S260,0.015541620325483401,,
S261,0.022450392900321987,,0.03052013916207033
S262,0.3508720751358917,,
S263,,,
S264,0.9722243091587167,,
S265,0.048971609706253985,0.01850184819588156,0.016009490807376948
S266,0.021683745658312666,,
S267,0.014775461117664559,,
S268,0.16563456590675985,,
S269,0.042805183218323946,0.01579880279313503,
S270,0.15929802116455463,,
S271,0.0342179479844499,,0.014965477044097805
S272,0.5855689740849724,,
S273,0.9688692935820669,,
S274,0.09400094353159237,,0.4667041299543683
S275,0.027405262558424744,,
S276,0.017437890310342465,0.016864894877847113,
S277,0.04082173967496156,,
S278,0.022453247482216936,,
S279,,,
S280,0.32530392765307653,,
S281,,,
S282,0.036280979614505104,,
S283,0.43514934264648897,,
S284,0.03894260456380799,,0.347014788193114
S285,0.01355231960212792,,0.013465881480105937
S286,,,
S287,0.1253754853735705,,
S288,0.013302602252815132,,
S289,0.02141469072197005,0.02932378477987462,
S290,0.037082896807552494,,0.07415500012831978
S291,,,
S292,0.08348893202894841,,
S293,0.014431001129385949,,
S294,0.14204016821910204,,
S295,,,
S296,0.035300686219294525,,
S297,,,
S298,0.03272637936593753,,0.03117138066427384
S299,1.3143059593494555,,
S300,0.016401628056688062,,0.0196968618618651
S301,0.14421954555791275,,
S302,0.023113553599963883,,
S303,0.025174395207097782,,
S304,,,
S305,0.10791881452669379,,
S306,0.01801210789391939,,
S307,0.23000369807093368,,
S308,0.8114851037928267,0.9234818792001456,0.023712536146252104
S309,0.04718576529076335,,0.7784124519383974
S310,0.03838603897803385,,
S311,,,
S312,0.04832592059750017,,
S313,,,
S314,1.701437123725496,,
S315,0.030166865450332186,0.1371324171213835,
S316,,,
S317,0.21052200464166915,,
S318,,,
S319,0.05719532107616524,,
S320,0.02440867826734304,,
S321,0.04034607798853878,,0.018518340274995982
S322,0.04276339460939298,,
S323,0.05923470549524207,,
S324,0.07090049340325515,,
S325,0.48091344620198984,,0.43386270861473275
S326,0.5118805942123801,,
S327,0.2095390704522868,,
S328,0.22476415621977144,,
S329,0.025897530477563303,,
S330,0.01725693089166548,,
S331,0.024525667702355782,,
S332,0.01603312192124643,,
S333,0.35862123920480676,,0.01598560571437487
S334,0.03294433298434256,,
S335,0.05695026987045813,,
S336,0.011603701523745489,,
S337,,,
S338,,,
S339,0.02733563838814925,,0.021407452350740472
S340,0.11885490475939409,,
S341,0.027506177104956415,,
S342,0.03267694087622904,,
S343,0.8220874900659307,,
S344,0.3840986290830866,,
S345,0.014129192951815746,,0.012722626784915772
S346,0.014931347862958253,,
S347,0.024950787648626148,,
S348,0.11371239108277269,,0.16891271890824766
S349,0.025231863102969508,,
S350,0.12662716455434014,,
S351,,,
S352,0.0125671188001301,,
S353,0.028502577485319307,,
S354,0.06786506416063984,,
S355,0.018696895297971507,,0.04169075559983169
S356,1.0717684761942023,,
S357,0.013972459545546798,,
S358,0.012881715253166162,,0.012147571012653511
S359,,,
S360,0.023843055389800916,,
S361,1.3690432612603878,,
S362,0.019063773104151277,,0.06954448444258446
S363,0.02894713228764404,,
S364,0.016272130166647785,,
S365,0.03821703760230365,,
S366,,,
S367,,,
S368,0.04862422265072282,,
S369,0.015793551373373575,,
S370,0.026495567312176966,,0.023048821298003973
S371,0.030247509581963573,,
S372,,,
S373,0.021059546713869674,,
S374,0.2051806796804445,,
S375,0.020147126200219474,,
S376,0.04833920610055637,,0.21747833729471058
S377,0.1353571633649084,,0.02975936724955846
S378,0.02144007031322428,,
S379,,,
S380,0.023309012901460924,,
S381,0.01850121705416443,,
S382,0.06744580578130839,,
S383,0.014173370014888304,,
S384,0.04017811273174772,,
S385,0.029218229382732202,,
S386,0.01801037751557818,,
S387,0.02026311270854047,,0.08150061507272843
S388,0.016556457436092735,,
S389,0.012713825949677899,,
S390,0.0361644534340624,,
S391,0.3505231680939892,,
S392,,,
S393,0.470701234568821,,
S394,0.11909997835994857,,
S395,0.01735139934326934,,
S396,0.011077866421509989,,
S397,0.6633782747841075,,
S398,0.05900399202767268,,
S399,0.012440344474493558,,
S400,0.01684520124556303,,
S401,0.3017875212282456,,
S402,0.06230298836142063,,
S403,0.04918204031127357,,
S404,0.022986876945652233,,
S405,0.05174578300530713,,0.04813627469065259
S406,0.15889884982903074,,
S407,0.7145869330407868,,
S408,0.08997792201376031,,
S409,0.019325444079023053,,
S410,0.6042401549613557,,
S411,0.01889771810531433,,
S412,0.02723960350096192,,
S413,0.016546545043004096,,
S414,0.013261094214929612,,
S415,0.05919698458674778,,
S416,0.03430402148582216,,
S417,0.4999441393625815,,
S418,,,
S419,0.02989115861741528,,
S420,0.12467032561575206,,0.03778449129948994
S421,0.031226081981788584,,0.12311155866958638
S422,,,
S423,0.578315841173491,,
S424,1.0129225683593803,,0.02487798535308474
S425,0.03223569419254986,,
S426,0.06350595126847412,,
S427,0.03651638703680965,,
S428,0.015529895949785183,,
S429,0.022185969027227602,,
S430,0.01575619657185716,,
S431,0.023585663603548475,,
S432,0.14943606141698232,,
S433,0.14155263018024608,,0.025430398761917227
S434,0.017941166119035547,,
S435,0.021133045289193957,,
S436,0.19924434400819124,,
S437,0.10075214959986553,,
S438,1.5278728889587856,,0.16458771025338642
S439,0.7049107759302966,,
S440,0.02934882392881304,,
S441,0.026772201877675456,,0.05553761815424809
S442,0.1612112246712021,,
S443,0.3510117942325702,,
S444,0.02088029427537193,,
S445,0.010940959138739655,,
S446,0.31821099518632845,,
S447,0.08206005667853448,,
S448,0.16913638892941213,,
S449,0.08799468988823815,,
S450,0.011168789107782524,,0.0386158011167373
S451,0.013489515537554545,,
S452,0.021006193652449285,,
S453,0.11666507356255913,,
S454,0.2038717481398932,,
S455,0.3195526929655246,,
S456,,,
S457,,,
S458,0.024401123618784534,,0.014999018647712498
S459,,,
S460,0.06869170232454375,,
S461,0.01962142837521157,,
S462,,,
S463,0.022563287872246807,,
S464,0.2963785777493048,,
S465,0.013904817526414977,,
